Workbook

Sheet PERT
A1: Barcelona Alimenta · PERT y ruta crítica (Grupo 8)
A2: Celdas en azul = estimaciones del grupo (a, m, b, fecha de inicio, plazo). Todo lo demás se calcula. Duraciones en semanas.
A4: ID | B4: Actividad | C4: Predecesoras | D4: Responsable | E4: a | F4: m | G4: b | H4: te | I4: σ² | J4: ES | K4: EF | L4: LS | M4: LF | N4: Holgura | O4: ¿Crítica? | P4: Días | Q4: Inicio | R4: Fin
A5: A | B5: Primera entrega: enfoque, tema, repo, README, Gantt y Kanban iniciales | C5: — | D5: Oriol | E5: 1 | F5: 1 | G5: 2 | H5: =(E5+4*F5+G5)/6 -> 1.1666667 | I5: =((G5-E5)/6)^2 -> 0.027777778 | J5: =0 -> 0 | K5: =J5+H5 -> 1.1666667 | L5: =M5-H5 -> 0 | M5: =MIN(L6,L7) -> 1.1666667 | N5: =L5-J5 -> 0 | O5: =IF(ABS(N5)<0.001,"Sí","No") -> Sí | P5: =ROUND(H5*7,0) -> 8 | Q5: =Resumen!$B$4 -> 46317 | R5: =Q5+P5-1+IF(AND(Q5<Festivos!$D$4,Q5+P5-1>=Festivos!$D$4),Festivos!$D$6,0) -> 46324
A6: B | B6: Análisis del reto, datos y beneficiarios | C6: A | D6: Hèctor | E6: 1 | F6: 2 | G6: 5 | H6: =(E6+4*F6+G6)/6 -> 2.3333333 | I6: =((G6-E6)/6)^2 -> 0.44444444 | J6: =MAX(K5) -> 1.1666667 | K6: =J6+H6 -> 3.5 | L6: =M6-H6 -> 1.8333333 | M6: =MIN(L12,L13) -> 4.1666667 | N6: =L6-J6 -> 0.66666667 | O6: =IF(ABS(N6)<0.001,"Sí","No") -> No | P6: =ROUND(H6*7,0) -> 16 | Q6: =IF(AND((MAX(R5)+1)>=Festivos!$D$4,(MAX(R5)+1)<=Festivos!$D$5),Festivos!$D$5+1,(MAX(R5)+1)) -> 46325 | R6: =Q6+P6-1+IF(AND(Q6<Festivos!$D$4,Q6+P6-1>=Festivos!$D$4),Festivos!$D$6,0) -> 46340
A7: C | B7: Project charter, objetivos y alcance | C7: A | D7: Oriol | E7: 1 | F7: 1 | G7: 2 | H7: =(E7+4*F7+G7)/6 -> 1.1666667 | I7: =((G7-E7)/6)^2 -> 0.027777778 | J7: =MAX(K5) -> 1.1666667 | K7: =J7+H7 -> 2.3333333 | L7: =M7-H7 -> 1.1666667 | M7: =MIN(L8,L9) -> 2.3333333 | N7: =L7-J7 -> 0 | O7: =IF(ABS(N7)<0.001,"Sí","No") -> Sí | P7: =ROUND(H7*7,0) -> 8 | Q7: =IF(AND((MAX(R5)+1)>=Festivos!$D$4,(MAX(R5)+1)<=Festivos!$D$5),Festivos!$D$5+1,(MAX(R5)+1)) -> 46325 | R7: =Q7+P7-1+IF(AND(Q7<Festivos!$D$4,Q7+P7-1>=Festivos!$D$4),Festivos!$D$6,0) -> 46332
A8: D | B8: WBS, PERT y Gantt detallados (versión revisada) | C8: C | D8: Oriol | E8: 1 | F8: 1 | G8: 2 | H8: =(E8+4*F8+G8)/6 -> 1.1666667 | I8: =((G8-E8)/6)^2 -> 0.027777778 | J8: =MAX(K7) -> 2.3333333 | K8: =J8+H8 -> 3.5 | L8: =M8-H8 -> 2.3333333 | M8: =MIN(L10,L11,L15) -> 3.5 | N8: =L8-J8 -> 0 | O8: =IF(ABS(N8)<0.001,"Sí","No") -> Sí | P8: =ROUND(H8*7,0) -> 8 | Q8: =IF(AND((MAX(R7)+1)>=Festivos!$D$4,(MAX(R7)+1)<=Festivos!$D$5),Festivos!$D$5+1,(MAX(R7)+1)) -> 46333 | R8: =Q8+P8-1+IF(AND(Q8<Festivos!$D$4,Q8+P8-1>=Festivos!$D$4),Festivos!$D$6,0) -> 46340
A9: E | B9: Matriz RACI | C9: C | D9: Oriol | E9: 1 | F9: 1 | G9: 2 | H9: =(E9+4*F9+G9)/6 -> 1.1666667 | I9: =((G9-E9)/6)^2 -> 0.027777778 | J9: =MAX(K7) -> 2.3333333 | K9: =J9+H9 -> 3.5 | L9: =M9-H9 -> 4.1666667 | M9: =MIN(L14) -> 5.3333333 | N9: =L9-J9 -> 1.8333333 | O9: =IF(ABS(N9)<0.001,"Sí","No") -> No | P9: =ROUND(H9*7,0) -> 8 | Q9: =IF(AND((MAX(R7)+1)>=Festivos!$D$4,(MAX(R7)+1)<=Festivos!$D$5),Festivos!$D$5+1,(MAX(R7)+1)) -> 46333 | R9: =Q9+P9-1+IF(AND(Q9<Festivos!$D$4,Q9+P9-1>=Festivos!$D$4),Festivos!$D$6,0) -> 46340
A10: F | B10: Costes, recursos y financiación | C10: D | D10: Xavier | E10: 1 | F10: 2 | G10: 4 | H10: =(E10+4*F10+G10)/6 -> 2.1666667 | I10: =((G10-E10)/6)^2 -> 0.25 | J10: =MAX(K8) -> 3.5 | K10: =J10+H10 -> 5.6666667 | L10: =M10-H10 -> 5.1666667 | M10: =MIN(L18) -> 7.3333333 | N10: =L10-J10 -> 1.6666667 | O10: =IF(ABS(N10)<0.001,"Sí","No") -> No | P10: =ROUND(H10*7,0) -> 15 | Q10: =IF(AND((MAX(R8)+1)>=Festivos!$D$4,(MAX(R8)+1)<=Festivos!$D$5),Festivos!$D$5+1,(MAX(R8)+1)) -> 46341 | R10: =Q10+P10-1+IF(AND(Q10<Festivos!$D$4,Q10+P10-1>=Festivos!$D$4),Festivos!$D$6,0) -> 46355
A11: G | B11: Matriz de riesgos | C11: D | D11: Xavier | E11: 1 | F11: 1 | G11: 3 | H11: =(E11+4*F11+G11)/6 -> 1.3333333 | I11: =((G11-E11)/6)^2 -> 0.11111111 | J11: =MAX(K8) -> 3.5 | K11: =J11+H11 -> 4.8333333 | L11: =M11-H11 -> 6 | M11: =MIN(L18) -> 7.3333333 | N11: =L11-J11 -> 2.5 | O11: =IF(ABS(N11)<0.001,"Sí","No") -> No | P11: =ROUND(H11*7,0) -> 9 | Q11: =IF(AND((MAX(R8)+1)>=Festivos!$D$4,(MAX(R8)+1)<=Festivos!$D$5),Festivos!$D$5+1,(MAX(R8)+1)) -> 46341 | R11: =Q11+P11-1+IF(AND(Q11<Festivos!$D$4,Q11+P11-1>=Festivos!$D$4),Festivos!$D$6,0) -> 46349
A12: H | B12: Teoría del Cambio e indicadores de impacto | C12: B | D12: Xavier | E12: 1 | F12: 2 | G12: 4 | H12: =(E12+4*F12+G12)/6 -> 2.1666667 | I12: =((G12-E12)/6)^2 -> 0.25 | J12: =MAX(K6) -> 3.5 | K12: =J12+H12 -> 5.6666667 | L12: =M12-H12 -> 5.1666667 | M12: =MIN(L18) -> 7.3333333 | N12: =L12-J12 -> 1.6666667 | O12: =IF(ABS(N12)<0.001,"Sí","No") -> No | P12: =ROUND(H12*7,0) -> 15 | Q12: =IF(AND((MAX(R6)+1)>=Festivos!$D$4,(MAX(R6)+1)<=Festivos!$D$5),Festivos!$D$5+1,(MAX(R6)+1)) -> 46341 | R12: =Q12+P12-1+IF(AND(Q12<Festivos!$D$4,Q12+P12-1>=Festivos!$D$4),Festivos!$D$6,0) -> 46355
A13: I | B13: Mapa de stakeholders | C13: B | D13: Pol | E13: 1 | F13: 1 | G13: 2 | H13: =(E13+4*F13+G13)/6 -> 1.1666667 | I13: =((G13-E13)/6)^2 -> 0.027777778 | J13: =MAX(K6) -> 3.5 | K13: =J13+H13 -> 4.6666667 | L13: =M13-H13 -> 4.1666667 | M13: =MIN(L14) -> 5.3333333 | N13: =L13-J13 -> 0.66666667 | O13: =IF(ABS(N13)<0.001,"Sí","No") -> No | P13: =ROUND(H13*7,0) -> 8 | Q13: =IF(AND((MAX(R6)+1)>=Festivos!$D$4,(MAX(R6)+1)<=Festivos!$D$5),Festivos!$D$5+1,(MAX(R6)+1)) -> 46341 | R13: =Q13+P13-1+IF(AND(Q13<Festivos!$D$4,Q13+P13-1>=Festivos!$D$4),Festivos!$D$6,0) -> 46348
A14: J | B14: Gobernanza y estrategia de comunicación | C14: I, E | D14: Pol | E14: 1 | F14: 2 | G14: 3 | H14: =(E14+4*F14+G14)/6 -> 2 | I14: =((G14-E14)/6)^2 -> 0.11111111 | J14: =MAX(K13,K9) -> 4.6666667 | K14: =J14+H14 -> 6.6666667 | L14: =M14-H14 -> 5.3333333 | M14: =MIN(L18) -> 7.3333333 | N14: =L14-J14 -> 0.66666667 | O14: =IF(ABS(N14)<0.001,"Sí","No") -> No | P14: =ROUND(H14*7,0) -> 14 | Q14: =IF(AND((MAX(R13,R9)+1)>=Festivos!$D$4,(MAX(R13,R9)+1)<=Festivos!$D$5),Festivos!$D$5+1,(MAX(R13,R9)+1)) -> 46349 | R14: =Q14+P14-1+IF(AND(Q14<Festivos!$D$4,Q14+P14-1>=Festivos!$D$4),Festivos!$D$6,0) -> 46362
A15: K | B15: Diseñar el prototipo (preguntas, indicadores, wireframe) | C15: D | D15: Hèctor | E15: 1 | F15: 1 | G15: 2 | H15: =(E15+4*F15+G15)/6 -> 1.1666667 | I15: =((G15-E15)/6)^2 -> 0.027777778 | J15: =MAX(K8) -> 3.5 | K15: =J15+H15 -> 4.6666667 | L15: =M15-H15 -> 3.5 | M15: =MIN(L16) -> 4.6666667 | N15: =L15-J15 -> 0 | O15: =IF(ABS(N15)<0.001,"Sí","No") -> Sí | P15: =ROUND(H15*7,0) -> 8 | Q15: =IF(AND((MAX(R8)+1)>=Festivos!$D$4,(MAX(R8)+1)<=Festivos!$D$5),Festivos!$D$5+1,(MAX(R8)+1)) -> 46341 | R15: =Q15+P15-1+IF(AND(Q15<Festivos!$D$4,Q15+P15-1>=Festivos!$D$4),Festivos!$D$6,0) -> 46348
A16: L | B16: Desarrollar el dashboard (datos, mapa, indicadores) | C16: K | D16: Hèctor | E16: 2 | F16: 3 | G16: 8 | H16: =(E16+4*F16+G16)/6 -> 3.6666667 | I16: =((G16-E16)/6)^2 -> 1 | J16: =MAX(K15) -> 4.6666667 | K16: =J16+H16 -> 8.3333333 | L16: =M16-H16 -> 4.6666667 | M16: =MIN(L17) -> 8.3333333 | N16: =L16-J16 -> 0 | O16: =IF(ABS(N16)<0.001,"Sí","No") -> Sí | P16: =ROUND(H16*7,0) -> 26 | Q16: =IF(AND((MAX(R15)+1)>=Festivos!$D$4,(MAX(R15)+1)<=Festivos!$D$5),Festivos!$D$5+1,(MAX(R15)+1)) -> 46349 | R16: =Q16+P16-1+IF(AND(Q16<Festivos!$D$4,Q16+P16-1>=Festivos!$D$4),Festivos!$D$6,0) -> 46374
A17: M | B17: Publicar en GitHub Pages y redactar sobre.html | C17: L | D17: Hèctor | E17: 1 | F17: 1 | G17: 2 | H17: =(E17+4*F17+G17)/6 -> 1.1666667 | I17: =((G17-E17)/6)^2 -> 0.027777778 | J17: =MAX(K16) -> 8.3333333 | K17: =J17+H17 -> 9.5 | L17: =M17-H17 -> 8.3333333 | M17: =MIN(L19) -> 9.5 | N17: =L17-J17 -> 0 | O17: =IF(ABS(N17)<0.001,"Sí","No") -> Sí | P17: =ROUND(H17*7,0) -> 8 | Q17: =IF(AND((MAX(R16)+1)>=Festivos!$D$4,(MAX(R16)+1)<=Festivos!$D$5),Festivos!$D$5+1,(MAX(R16)+1)) -> 46375 | R17: =Q17+P17-1+IF(AND(Q17<Festivos!$D$4,Q17+P17-1>=Festivos!$D$4),Festivos!$D$6,0) -> 46397
A18: N | B18: Redactar la propuesta escrita | C18: F, G, H, J | D18: Xavier | E18: 1 | F18: 2 | G18: 4 | H18: =(E18+4*F18+G18)/6 -> 2.1666667 | I18: =((G18-E18)/6)^2 -> 0.25 | J18: =MAX(K10,K11,K12,K14) -> 6.6666667 | K18: =J18+H18 -> 8.8333333 | L18: =M18-H18 -> 7.3333333 | M18: =MIN(L19) -> 9.5 | N18: =L18-J18 -> 0.66666667 | O18: =IF(ABS(N18)<0.001,"Sí","No") -> No | P18: =ROUND(H18*7,0) -> 15 | Q18: =IF(AND((MAX(R10,R11,R12,R14)+1)>=Festivos!$D$4,(MAX(R10,R11,R12,R14)+1)<=Festivos!$D$5),Festivos!$D$5+1,(MAX(R10,R11,R12,R14)+1)) -> 46363 | R18: =Q18+P18-1+IF(AND(Q18<Festivos!$D$4,Q18+P18-1>=Festivos!$D$4),Festivos!$D$6,0) -> 46377
A19: O | B19: Preparar y ensayar la presentación oral | C19: N, M | D19: Todos | E19: 1 | F19: 1 | G19: 2 | H19: =(E19+4*F19+G19)/6 -> 1.1666667 | I19: =((G19-E19)/6)^2 -> 0.027777778 | J19: =MAX(K18,K17) -> 9.5 | K19: =J19+H19 -> 10.666667 | L19: =M19-H19 -> 9.5 | M19: =MAX($K$5:$K$19) -> 10.666667 | N19: =L19-J19 -> 0 | O19: =IF(ABS(N19)<0.001,"Sí","No") -> Sí | P19: =ROUND(H19*7,0) -> 8 | Q19: =IF(AND((MAX(R18,R17)+1)>=Festivos!$D$4,(MAX(R18,R17)+1)<=Festivos!$D$5),Festivos!$D$5+1,(MAX(R18,R17)+1)) -> 46398 | R19: =Q19+P19-1+IF(AND(Q19<Festivos!$D$4,Q19+P19-1>=Festivos!$D$4),Festivos!$D$6,0) -> 46405
A21: te = (a + 4m + b) / 6 · σ² = ((b − a) / 6)² · Holgura = LS − ES · Las filas en rojo forman la ruta crítica.
A22: Días = te × 7 (días naturales). Inicio y Fin saltan las vacaciones de la hoja Festivos (calendario académico UAB 2026/27).

Sheet Resumen
A1: Resumen del proyecto
A2: Celdas amarillas: se pueden cambiar (fecha de inicio y fecha límite).
A4: Inicio del proyecto | B4: 46317 | C4: Fecha de la primera entrega
A5: Duración esperada T (semanas) | B5: =MAX(PERT!$K$5:$K$19) -> 10.666667 | C5: Fin más tardío de todas las actividades
A6: σ² del proyecto (suma de críticas) | B6: =SUMIF(PERT!$O$5:$O$19,"Sí",PERT!$I$5:$I$19) -> 1.1666667
A7: σ del proyecto (semanas) | B7: =SQRT(B6) -> 1.0801234
A8: Fin previsto (calendario) | B8: =MAX(PERT!$R$5:$R$19) -> 46405 | C8: Excluye las vacaciones de Navidad
A9: Fecha límite supuesta | B9: 46409 | C9: Fin del periodo de evaluación del 1.er semestre. Cambiar cuando el profesor confirme la fecha real
A10: Semanas de trabajo hasta la fecha límite | B10: =(B9-B4+1-MAX(0,MIN(B9,Festivos!$D$5)-MAX(B4,Festivos!$D$4)+1))/7 -> 11.142857 | C10: Días naturales sin vacaciones / 7
A11: z = (plazo − T) / σ | B11: =(B10-B5)/B7 -> 0.44086671
A12: P(terminar a tiempo) | B12: =NORMSDIST(B11) -> 0.67034525 | C12: Distribución normal estándar
A14: Ruta crítica | B14: =TRIM(IF(PERT!$O$5="Sí",PERT!$A$5&" ","")&IF(PERT!$O$6="Sí",PERT!$A$6&" ","")&IF(PERT!$O$7="Sí",PERT!$A$7&" ","")&IF(PERT!$O$8="Sí",PERT!$A$8&" ","")&IF(PERT!$O$9="Sí",PERT!$A$9&" ","")&IF(PERT!$O$10="Sí",PERT!$A$10&" ","")&IF(PERT!$O$11="Sí",PERT!$A$11&" ","")&IF(PERT!$O$12="Sí",PERT!$A$12&" ","")&IF(PERT!$O$13="Sí",PERT!$A$13&" ","")&IF(PERT!$O$14="Sí",PERT!$A$14&" ","")&IF(PERT!$O$15="Sí",PERT!$A$15&" ","")&IF(PERT!$O$16="Sí",PERT!$A$16&" ","")&IF(PERT!$O$17="Sí",PERT!$A$17&" ","")&IF(PERT!$O$18="Sí",PERT!$A$18&" ","")&IF(PERT!$O$19="Sí",PERT!$A$19&" ","")) -> A C D K L M O

Sheet Festivos
A1: Vacaciones de Navidad (no lectivas)
A2: Fuente: calendario académico UAB 2026/27 (23/12/2026 – 06/01/2027)
A4: 46379 | C4: Primer día no lectivo | D4: =MIN(Festivos) -> 46379
A5: 46380 | C5: Último día no lectivo | D5: =MAX(Festivos) -> 46393
A6: 46381 | C6: Días (bloque continuo) | D6: =COUNT(Festivos) -> 15
A7: 46382
A8: 46383 | C8: Las fórmulas suponen un único bloque de días seguidos.
A9: 46384
A10: 46385
A11: 46386
A12: 46387
A13: 46388
A14: 46389
A15: 46390
A16: 46391
A17: 46392
A18: 46393
